{
  "project_info": {
    "project_number": "811805202372",
    "project_id": "meowversedb",
    "storage_bucket": "meowversedb.firebasestorage.app"
  },
  "client": [
    {
      "client_info": {
        "mobilesdk_app_id": "1:811805202372:android:2d166808c15bdd46117691",
        "android_client_info": {
          "package_name": "com.example.meowverse"
        }
      },
      "oauth_client": [],
      "api_key": [
        {
          "current_key": "AIzaSyBHONDxhxQUNJekzMe4qkkToAevkL8uuZM"
        }
      ],
      "services": {
        "appinvite_service": {
          "other_platform_oauth_client": []
        }
      }
    }
  ],
  "configuration_version": "1"
}